cluster,train_num_pts,val_num_pts,precision,recall,f1,auc
Cluster 0,1110,277,0.7580593395711401,0.74659043838188,0.7503006492908205,0.822771432130979
Cluster 1,1186,296,0.711672646868197,0.7962794353842353,0.7498006044716764,0.8480783497636442
Total,2296,573,0.7337220426327113,0.7694529518360389,0.7507640624021215,0.8344004792106136
